site,term,tfidf_score
Pixyle AI,product,0.5090278103806222
WebPlus,marketing,0.5089133578079826
Kompass,kompass,0.4472135954999579
MBB INFO,development,0.4365641250653993
Deloitte Digital,digital,0.3991140631426436
DOTS Digital Agency,digital,0.3991140631426436
Sopra Steria,service,0.3882901373576604
Tanit Web,solution,0.38810773641189056
Triweb,web,0.3834824944236852
Incept,reality,0.3735436838188142
Zahou Tech,website,0.36650833306891567
ONLYTECH,web,0.33407655239053047
Wedia,solution,0.32659863237109044
Pixeo,website,0.3258752679561411
Solixy,marketing,0.32551538350846376
Same Team,development,0.3202563076101743
Hello Web Tunisie,entreprise,0.31799936400190804
HexaByte,ligne,0.31330417999518295
Axon,idemia,0.31234752377721214
SKWERE,design,0.30151134457776363
Tecyom,design,0.29488391230979427
Pureclic,marketing,0.2940858488375231
The Road,design,0.2837902619042413
WebTrend,analytics,0.2786932057166471
REWEB,creation,0.2786932057166471
WebTrend,dater,0.2786932057166471
Aurone,web,0.2785430072655778
Web Media Tunisie,seo,0.2785430072655778
Pixeo,web,0.2715627232967842
Agoragroup,service,0.26802813370944867
24-7 Digital Design,design,0.2672612419124244
STEPS,dater,0.2667325346846322
Capgemini,code,0.25928148942086576
,digital,0.25766265056033233
,optimization,0.25766265056033233
Fiverr Business,services,0.25607375986579195
Fiverr Business,service,0.25607375986579195
Idealump Tunisia,development,0.25298221281347033
Idealump Tunisia,design,0.25298221281347033
Numericia,javascript,0.25
Numericia,développement,0.25
Touchlink,marketing,0.25
Brainlabs,paid,0.24951314462072213
Brainlabs,social,0.24951314462072213
Incept,augmented,0.24902912254587614
Incept,augmented reality,0.24902912254587614
Novatis,design,0.24743582965269675
Brandwatch,brandwatch,0.24663181183349503
KOTA,digital,0.24659848095803594
Mega-DEV,design,0.24571804673358047
Mega-DEV,development,0.24571804673358047
Mega-DEV,solution,0.24571804673358047
Wedia,wedia,0.24494897427831783
Zahou Tech,design,0.24433888871261045
Solixy,numérique,0.24413653763134782
,solution,0.242535625036333
I4NET,solution,0.24174688920761409
The Road,technologie,0.23649188492020107
Triweb,développement,0.2300894966542111
Triweb,entreprise,0.2300894966542111
Agence Web Sigma,web,0.22549380840084865
Agence Web Sigma,service,0.22549380840084865
Wattnow,energy,0.22549380840084865
Wattnow,solution,0.22549380840084865
Agence Web Sigma,customized,0.22549380840084865
Kompass,services,0.22360679774997896
Kompass,kompass kompass entreprise,0.22360679774997896
Kompass,entreprise spécialisée services,0.22360679774997896
Kompass,kompass entreprise spécialisée,0.22360679774997896
Kompass,gestion,0.22360679774997896
Kompass,kompass entreprise,0.22360679774997896
Kompass,gestion croissance,0.22360679774997896
PeoplePerHour,solution,0.22360679774997896
PeoplePerHour,tailored,0.22360679774997896
PeoplePerHour,advanced,0.22360679774997896
Kompass,kompass kompass,0.22360679774997896
Kompass,croissance,0.22360679774997896
PeoplePerHour,tailored solution,0.22360679774997896
PeoplePerHour,capabilitie,0.22360679774997896
PeoplePerHour,advanced capabilitie,0.22360679774997896
PeoplePerHour,platform,0.22360679774997896
Kompass,entreprise spécialisée,0.22360679774997896
Kompass,spécialisée services,0.22360679774997896
Kompass,entreprise,0.22360679774997896
Kompass,spécialisée services gestion,0.22360679774997896
Kompass,services gestion,0.22360679774997896
Kompass,spécialisée,0.22360679774997896
Kompass,services gestion croissance,0.22360679774997896
Sopra Steria,intelligence,0.22188007849009164
PixelCode,design,0.22086305214969307
PixelCode,seo,0.22086305214969307
Pappers,paper,0.2195285199793807
Pixeo,design,0.21725017863742738
Pixeo,web design,0.21725017863742738
Agoragroup,field service,0.21442250696755896
Agoragroup,field service management,0.21442250696755896
Agoragroup,field,0.21442250696755896
Agoragroup,management,0.21442250696755896
Agoragroup,service management,0.21442250696755896
Same Team,design,0.21350420507344953
Agence eDirect,development,0.21320071635561041
Agence eDirect,mobile,0.21320071635561041
Hello Web Tunisie,solution,0.211999576001272
Industry X.0,cipa,0.20965696734438366
Industry X.0,industry,0.20965696734438366
REWEB,web development,0.2090199042874853
REWEB,web,0.2090199042874853
REWEB,development,0.2090199042874853
Elokencia,insert,0.20851441405707477
OwlCom,canvas,0.20739033894608505
OwlCom,javascript,0.20739033894608505
OwlCom,javascript canvas,0.20739033894608505
Agora Digital,gestion,0.20507577810739896
Agora Digital,seo,0.20507577810739896
Agora Digital,lead,0.20507577810739896
RISE Technologie,solution,0.20306923302672383
RISE Technologie,technologie,0.20306923302672383
ITGate Group,gate,0.2027212135198458
ITGate Group,gate group,0.2027212135198458
ITGate Group,marketing,0.2027212135198458
ITGate Group,group,0.2027212135198458
SKWERE,seo,0.20100756305184242
SKWERE,web design,0.20100756305184242
SKWERE,web,0.20100756305184242
FabSkill,interview powered matching,0.20100756305184242
FabSkill,powered matching analysi,0.20100756305184242
FabSkill,video,0.20100756305184242
FabSkill,powered,0.20100756305184242
FabSkill,video interview powered,0.20100756305184242
FabSkill,matching,0.20100756305184242
FabSkill,matching analysi,0.20100756305184242
FabSkill,interview powered,0.20100756305184242
FabSkill,powered matching,0.20100756305184242
FabSkill,interview,0.20100756305184242
FabSkill,analysi,0.20100756305184242
FabSkill,video interview,0.20100756305184242
24-7 Digital Design,modeling cad,0.2004459314343183
24-7 Digital Design,graphic,0.2004459314343183
24-7 Digital Design,development,0.2004459314343183
24-7 Digital Design,development graphic,0.2004459314343183
24-7 Digital Design,development graphic design,0.2004459314343183
24-7 Digital Design,cad,0.2004459314343183
ONLYTECH,marketing,0.2004459314343183
24-7 Digital Design,graphic design,0.2004459314343183
24-7 Digital Design,web development,0.2004459314343183
24-7 Digital Design,web development graphic,0.2004459314343183
24-7 Digital Design,modeling,0.2004459314343183
24-7 Digital Design,web,0.2004459314343183
DOTS Digital Agency,marketing,0.1995570315713218
Deloitte Digital,service,0.1995570315713218
DOTS Digital Agency,digital marketing,0.1995570315713218
Instadeep,decision,0.19824558013652693
Product Hunt,product,0.19802950859533489
Product Hunt,product hunt,0.19802950859533489
Product Hunt,hunt,0.19802950859533489
Brandwatch,media,0.197305449466796
Brandwatch,social media,0.197305449466796
Brandwatch,social,0.197305449466796
Abshore,css,0.19518001458970666
Abshore,awesome,0.19518001458970666
Abshore,awesome css,0.19518001458970666
Capgemini,cybersecurity,0.19446111706564934
Antares,design,0.19405386820594528
Antares,service,0.19405386820594528
Tanit Web,web,0.19405386820594528
MBB INFO,design,0.19402850002906638
MBB INFO,solution,0.19402850002906638
MBB INFO,digital,0.19402850002906638
Cyber-Duck,design,0.19156525704423027
Cyber-Duck,entreprise,0.19156525704423027
Digit-U,mobile,0.19156525704423027
Digit-U,web,0.19156525704423027
Digit-U,développement,0.19156525704423027
Digit-U,marketing,0.19156525704423027
Digit-U,design creation,0.19156525704423027
Digit-U,design,0.19156525704423027
Digit-U,creation,0.19156525704423027
Digit-U,app,0.19156525704423027
Idealump Tunisia,digital,0.18973665961010278
The Road,end technologie,0.18919350793616085
The Road,development,0.18919350793616085
The Road,web,0.18919350793616085
The Road,end,0.18919350793616085
The Road,web development,0.18919350793616085
Meltwater,démo,0.18814417367671946
Meltwater,demander tarif démo,0.18814417367671946
Meltwater,demander,0.18814417367671946
Meltwater,tarif,0.18814417367671946
Meltwater,connecter demander,0.18814417367671946
Meltwater,tarif démo,0.18814417367671946
Meltwater,savoir,0.18814417367671946
Meltwater,services,0.18814417367671946
Meltwater,suite,0.18814417367671946
Meltwater,suite services,0.18814417367671946
Meltwater,connecter demander tarif,0.18814417367671946
Xtensus,xtensu,0.18814417367671946
Meltwater,demander tarif,0.18814417367671946
Xtensus,consulting,0.18814417367671946
Xtensus,marketing consulting,0.18814417367671946
Xtensus,marketing,0.18814417367671946
Xtensus,recruitment marketing consulting,0.18814417367671946
Xtensus,recruitment,0.18814417367671946
Xtensus,recruitment marketing,0.18814417367671946
Meltwater,connecter,0.18814417367671946
Brainlabs,marketing,0.1871348584655416
Agence de promotion de l’industrie et de l’innovation (APII),guichet,0.18650096164806276
Agence de promotion de l’industrie et de l’innovation (APII),guichet unique,0.18650096164806276
Agence de promotion de l’industrie et de l’innovation (APII),services,0.18650096164806276
Agence de promotion de l’industrie et de l’innovation (APII),registration,0.18650096164806276
Agence de promotion de l’industrie et de l’innovation (APII),unique,0.18650096164806276
Tunismart,sociaux,0.18569533817705186
Tunismart,gestion réseaux,0.18569533817705186
Web Media Tunisie,web,0.18569533817705186
Web Media Tunisie,application,0.18569533817705186
Web Media Tunisie,mobile,0.18569533817705186
Tunismart,réseaux,0.18569533817705186
Tunismart,gestion réseaux sociaux,0.18569533817705186
Aurone,sécurité,0.18569533817705186
Aurone,site web,0.18569533817705186
Aurone,aurone,0.18569533817705186
Aurone,service,0.18569533817705186
Aurone,humaine,0.18569533817705186
Tunismart,réseaux sociaux,0.18569533817705186
Web Media Tunisie,entreprise,0.18569533817705186
Tunismart,gestion,0.18569533817705186
Tunismart,entreprise,0.18569533817705186
Aurone,site,0.18569533817705186
Aurone,service humaine,0.18569533817705186
Telnet,telnet,0.18509792535309902
Telnet,software,0.18509792535309902
Telnet,digital,0.18509792535309902
Mega-DEV,digital,0.18428853505018536
Zahou Tech,development,0.18325416653445784
Medianet Group,solution,0.1822370217692361
STEPS,end,0.17782168978975482
STEPS,integration,0.17782168978975482
STEPS,data,0.17782168978975482
STEPS,driven,0.17782168978975482
STEPS,service,0.17782168978975482
STEPS,solution,0.17782168978975482
GlobalNet (Gnet),security,0.17586311452816478
GlobalNet (Gnet),gramme,0.17586311452816478
Freelancer,freelancing plateforme ligne,0.17541160386140586
Freelancer,ligne,0.17541160386140586
Freelancer,service,0.17541160386140586
Freelancer,recherche,0.17541160386140586
Freelancer,plateforme ligne,0.17541160386140586
Freelancer,plateforme,0.17541160386140586
Freelancer,freelancing,0.17541160386140586
Freelancer,freelancing plateforme,0.17541160386140586
UTEEK,web,0.1747408113322076
UTEEK,mobile,0.1747408113322076
UTEEK,marketing,0.1747408113322076
UTEEK,ligne,0.1747408113322076
GoodFirms,goodfirms,0.17277368511627203
GoodFirms,cookie,0.17277368511627203
GoodFirms,javascript,0.17277368511627203
GoodFirms,javascript cookie,0.17277368511627203
WebPlus,design,0.16963778593599418
WebPlus,gestion,0.16963778593599418
Malt,gamme complète,0.16666666666666666
Malt,gamme,0.16666666666666666
Malt,malt,0.16666666666666666
Malt,gamme complète solutions,0.16666666666666666
Touchlink,social,0.16666666666666666
Touchlink,social media,0.16666666666666666
Touchlink,design social,0.16666666666666666
Touchlink,design,0.16666666666666666
Touchlink,brand design social,0.16666666666666666
Touchlink,brand design,0.16666666666666666
Touchlink,brand,0.16666666666666666
Touchlink,ads evolution brand,0.16666666666666666
Touchlink,ads evolution,0.16666666666666666
Touchlink,ads,0.16666666666666666
Touchlink,media,0.16666666666666666
Touchlink,google ads evolution,0.16666666666666666
Touchlink,google ads,0.16666666666666666
Touchlink,google,0.16666666666666666
Touchlink,evolution brand design,0.16666666666666666
Touchlink,evolution brand,0.16666666666666666
Touchlink,evolution,0.16666666666666666
Touchlink,design social media,0.16666666666666666
Malt,entreprise services spécialisée,0.16666666666666666
Malt,entreprise services,0.16666666666666666
Malt,entreprise,0.16666666666666666
Malt,complète solutions aider,0.16666666666666666
Malt,complète solutions,0.16666666666666666
Malt,complète,0.16666666666666666
Malt,commerce offrons gamme,0.16666666666666666
Malt,commerce offrons,0.16666666666666666
Malt,commerce,0.16666666666666666
Malt,client réussir affaires,0.16666666666666666
Malt,client réussir,0.16666666666666666
Malt,client,0.16666666666666666
Malt,aider client réussir,0.16666666666666666
Malt,aider client,0.16666666666666666
Malt,aider,0.16666666666666666
Malt,affaires,0.16666666666666666
Sopra Steria,solution,0.16641005886756874
Sopra Steria,protection,0.16641005886756874
Novatis,seo,0.1649572197684645
Novatis,web,0.1649572197684645
Novatis,website,0.1649572197684645
Novatis,service,0.1649572197684645
Novatis,création,0.1649572197684645
Novatis,marketing,0.1649572197684645
Novatis,creation,0.1649572197684645
Novatis,site,0.1649572197684645
Novatis,commerce,0.1649572197684645
SmartNet,service,0.1648949129787938
KOTA,development copywriting,0.1643989873053573
KOTA,development copywriting campaign,0.1643989873053573
KOTA,marketing,0.1643989873053573
KOTA,marketing web,0.1643989873053573
KOTA,digital marketing,0.1643989873053573
KOTA,digital marketing web,0.1643989873053573
KOTA,wordpress,0.1643989873053573
KOTA,branding,0.1643989873053573
KOTA,branding digital,0.1643989873053573
KOTA,branding digital marketing,0.1643989873053573
KOTA,campaign,0.1643989873053573
KOTA,copywriting,0.1643989873053573
KOTA,marketing web development,0.1643989873053573
KOTA,motion,0.1643989873053573
KOTA,web development,0.1643989873053573
KOTA,web development copywriting,0.1643989873053573
KOTA,copywriting campaign,0.1643989873053573
KOTA,development,0.1643989873053573
KOTA,web,0.1643989873053573
Wevioo,strategy,0.16329931618554522
Wedia,lightbox,0.16329931618554522
Wedia,lightbox video,0.16329931618554522
Wedia,dam solution,0.16329931618554522
Wedia,dam solution lightbox,0.16329931618554522
Wedia,digital,0.16329931618554522
Wedia,digital asset,0.16329931618554522
Wedia,video,0.16329931618554522
Wevioo,operation model definition,0.16329931618554522
Wedia,solution lightbox,0.16329931618554522
Wedia,solution lightbox video,0.16329931618554522
Wevioo,target operation model,0.16329931618554522
Wevioo,model definition,0.16329931618554522
Wevioo,digital,0.16329931618554522
Wevioo,model,0.16329931618554522
Wevioo,target operation,0.16329931618554522
Wevioo,target,0.16329931618554522
Wevioo,technologie,0.16329931618554522
Wevioo,development target operation,0.16329931618554522
Wevioo,operation model,0.16329931618554522
Wevioo,strategy development target,0.16329931618554522
Wevioo,strategy development,0.16329931618554522
Wevioo,operation,0.16329931618554522
Wevioo,adoption,0.16329931618554522
Wedia,assessment,0.16329931618554522
Wedia,asset,0.16329931618554522
Wedia,dam,0.16329931618554522
Wevioo,development target,0.16329931618554522
Wevioo,definition,0.16329931618554522
Wevioo,development,0.16329931618554522
Pixeo,help,0.16293763397807054
Pixeo,service,0.16293763397807054
Solixy,client,0.16275769175423188
Solixy,web,0.16275769175423188
Solixy,marketing numérique,0.16275769175423188
Solixy,solixy,0.16275769175423188
Solixy,digital,0.16275769175423188
,compute,0.16169041669088866
,python,0.16169041669088866
,compute solution,0.16169041669088866
,python sdk,0.16169041669088866
,protocol server,0.16169041669088866
,optimized compute,0.16169041669088866
,model context protocol,0.16169041669088866
,context protocol,0.16169041669088866
,mcp,0.16169041669088866
,context protocol server,0.16169041669088866
,mcp model context,0.16169041669088866
,model,0.16169041669088866
,model context,0.16169041669088866
,mcp model,0.16169041669088866
,protocol,0.16169041669088866
,optimized,0.16169041669088866
,optimized compute solution,0.16169041669088866
,businesse,0.16169041669088866
,context,0.16169041669088866
I4NET,design,0.16116459280507606
I4NET,application,0.16116459280507606
I4NET,design seo,0.16116459280507606
I4NET,mobile application,0.16116459280507606
I4NET,web,0.16116459280507606
I4NET,seo,0.16116459280507606
I4NET,marketing,0.16116459280507606
I4NET,mobile,0.16116459280507606
HexaByte,internet,0.15665208999759148
HexaByte,ligne migration,0.15665208999759148
HexaByte,hexapro,0.15665208999759148
HexaByte,fibre,0.15665208999759148
HexaByte,fibre optique,0.15665208999759148
HexaByte,client,0.15665208999759148
HexaByte,fibre optique paiement,0.15665208999759148
HexaByte,migration ligne,0.15665208999759148
HexaByte,optique,0.15665208999759148
HexaByte,migration,0.15665208999759148
HexaByte,optique paiement ligne,0.15665208999759148
HexaByte,paiement ligne migration,0.15665208999759148
HexaByte,paiement ligne,0.15665208999759148
HexaByte,services,0.15665208999759148
HexaByte,ligne migration ligne,0.15665208999759148
HexaByte,ligne webmail,0.15665208999759148
HexaByte,optique paiement,0.15665208999759148
HexaByte,migration ligne webmail,0.15665208999759148
HexaByte,paiement,0.15665208999759148
Axon,idemia idemia teco,0.15617376188860607
Axon,idemia teco,0.15617376188860607
Axon,axon,0.15617376188860607
Axon,idemia idemia,0.15617376188860607
Axon,training,0.15617376188860607
Axon,training support,0.15617376188860607
Axon,service,0.15617376188860607
Axon,installation,0.15617376188860607
Axon,support,0.15617376188860607
Axon,teco,0.15617376188860607
Triweb,conception,0.15339299776947407
Triweb,site web,0.15339299776947407
Triweb,nouvelles,0.15339299776947407
Triweb,nouvelles technology,0.15339299776947407
Triweb,technology,0.15339299776947407
Triweb,site,0.15339299776947407
Agence Web Sigma,service chat,0.15032920560056579
Agence Web Sigma,customized service chat,0.15032920560056579
Agence Web Sigma,chat widget,0.15032920560056579
Agence Web Sigma,solution,0.15032920560056579
Agence Web Sigma,customized service,0.15032920560056579
Wattnow,building,0.15032920560056579
Wattnow,energy management,0.15032920560056579
Wattnow,management,0.15032920560056579
Wattnow,service,0.15032920560056579
Wattnow,management solution,0.15032920560056579
Wattnow,energy management solution,0.15032920560056579
Agence Web Sigma,chat,0.15032920560056579
Agence Web Sigma,service chat widget,0.15032920560056579
Agence Web Sigma,widget,0.15032920560056579
Agence Web Sigma,sigma,0.15032920560056579
Brandwatch,consumer,0.14797908710009702
Brandwatch,leading,0.14797908710009702
Tecyom,graphic,0.14744195615489714
Tecyom,seo sem social,0.14744195615489714
Tecyom,digital marketing,0.14744195615489714
Tecyom,graphic design design,0.14744195615489714
Tecyom,graphic design,0.14744195615489714
Tecyom,marketing,0.14744195615489714
Tecyom,design design,0.14744195615489714
Tecyom,seo sem,0.14744195615489714
Tecyom,media,0.14744195615489714
Tecyom,media graphic design,0.14744195615489714
Tecyom,media graphic,0.14744195615489714
Tecyom,sem social,0.14744195615489714
Tecyom,sem social media,0.14744195615489714
Tecyom,seo,0.14744195615489714
Tecyom,sem,0.14744195615489714
Tecyom,development,0.14744195615489714
Tecyom,development seo sem,0.14744195615489714
Tecyom,digital,0.14744195615489714
Tecyom,development seo,0.14744195615489714
Pureclic,advertising,0.14704292441876154
Pureclic,management,0.14704292441876154
Pureclic,management website,0.14704292441876154
Pureclic,media advertising,0.14704292441876154
Pureclic,digital marketing,0.14704292441876154
Pureclic,engine,0.14704292441876154
Pureclic,engine marketing,0.14704292441876154
Pureclic,management website design,0.14704292441876154
Pureclic,marketing social,0.14704292441876154
Pureclic,marketing social media,0.14704292441876154
Pureclic,media,0.14704292441876154
Pureclic,design search,0.14704292441876154
Pureclic,digital,0.14704292441876154
Pureclic,community management website,0.14704292441876154
Pureclic,design,0.14704292441876154
Pureclic,community,0.14704292441876154
Pureclic,community management,0.14704292441876154
Pureclic,design search engine,0.14704292441876154
Pureclic,engine marketing social,0.14704292441876154
The Road,service,0.14189513095212064
The Road,seo,0.14189513095212064
The Road,seo optimization,0.14189513095212064
The Road,digital,0.14189513095212064
The Road,optimization,0.14189513095212064
New Technologies,website,0.1403724812687193
New Technologies,web,0.1403724812687193
New Technologies,site web,0.1403724812687193
New Technologies,site,0.1403724812687193
New Technologies,application,0.1403724812687193
New Technologies,interface,0.1403724812687193
New Technologies,technologie,0.1403724812687193
New Technologies,solution,0.1403724812687193
New Technologies,mobile,0.1403724812687193
New Technologies,intuitif,0.1403724812687193
WebTrend,dashboard,0.13934660285832354
WebTrend,dashboard integration,0.13934660285832354
REWEB,graphic design web,0.13934660285832354
REWEB,graphic design,0.13934660285832354
REWEB,graphic,0.13934660285832354
REWEB,creation platform graphic,0.13934660285832354
REWEB,creation platform,0.13934660285832354
REWEB,content creation reweb,0.13934660285832354
REWEB,content creation,0.13934660285832354
WebTrend,report,0.13934660285832354
WebTrend,traffic dater,0.13934660285832354
WebTrend,traffic dater analysis,0.13934660285832354
WebTrend,website traffic,0.13934660285832354
WebTrend,website,0.13934660285832354
WebTrend,website traffic dater,0.13934660285832354
WebTrend,analysis,0.13934660285832354
WebTrend,dater analysis,0.13934660285832354
WebTrend,dashboard integration analytics,0.13934660285832354
WebTrend,dater layer,0.13934660285832354
WebTrend,integration,0.13934660285832354
WebTrend,layer,0.13934660285832354
WebTrend,integration analytics,0.13934660285832354
WebTrend,report dashboard,0.13934660285832354
WebTrend,report dashboard integration,0.13934660285832354
WebTrend,traffic,0.13934660285832354
REWEB,creation reweb,0.13934660285832354
REWEB,development usability content,0.13934660285832354
REWEB,customized,0.13934660285832354
REWEB,customized solution,0.13934660285832354
REWEB,design,0.13934660285832354
REWEB,design web,0.13934660285832354
REWEB,design web development,0.13934660285832354
REWEB,development usability,0.13934660285832354
REWEB,content,0.13934660285832354
Telnet,service,0.13882344401482424
Telnet,project,0.13882344401482424
Telnet,iot,0.13882344401482424
Agora Digital,campagnes,0.13671718540493266
Agora Digital,generation,0.13671718540493266
Agora Digital,campagnes publicitaire,0.13671718540493266
Agora Digital,management,0.13671718540493266
Agora Digital,ppc,0.13671718540493266
Agora Digital,publicitaire,0.13671718540493266
Agora Digital,lead generation,0.13671718540493266
Agora Digital,digital,0.13671718540493266
Agora Digital,capacité,0.13671718540493266
Agora Digital,agora,0.13671718540493266
Agora Digital,agora digital,0.13671718540493266
ITGate Group,seo,0.13514747567989718
ITGate Group,development seo design,0.13514747567989718
ITGate Group,development seo,0.13514747567989718
ITGate Group,web development,0.13514747567989718
ITGate Group,web development seo,0.13514747567989718
ITGate Group,web,0.13514747567989718
ITGate Group,development,0.13514747567989718
ITGate Group,seo design,0.13514747567989718
ITGate Group,seo design marketing,0.13514747567989718
ITGate Group,service,0.13514747567989718
ITGate Group,design,0.13514747567989718
ITGate Group,design marketing,0.13514747567989718
24-7 Digital Design,design community,0.1336306209562122
24-7 Digital Design,design community management,0.1336306209562122
ONLYTECH,javascript php,0.1336306209562122
ONLYTECH,page,0.1336306209562122
ONLYTECH,html css psd,0.1336306209562122
ONLYTECH,javascript,0.1336306209562122
ONLYTECH,css psd javascript,0.1336306209562122
24-7 Digital Design,community management,0.1336306209562122
ONLYTECH,html css,0.1336306209562122
ONLYTECH,html,0.1336306209562122
24-7 Digital Design,community management modeling,0.1336306209562122
24-7 Digital Design,community,0.1336306209562122
ONLYTECH,php,0.1336306209562122
ONLYTECH,psd javascript,0.1336306209562122
24-7 Digital Design,graphic design community,0.1336306209562122
24-7 Digital Design,digital,0.1336306209562122
ONLYTECH,seo,0.1336306209562122
ONLYTECH,web marketing,0.1336306209562122
ONLYTECH,psd,0.1336306209562122
ONLYTECH,psd javascript php,0.1336306209562122
24-7 Digital Design,management,0.1336306209562122
ONLYTECH,css psd,0.1336306209562122
ONLYTECH,css,0.1336306209562122
ONLYTECH,crm,0.1336306209562122
ONLYTECH,google,0.1336306209562122
ONLYTECH,gestion,0.1336306209562122
STEPS,devops,0.1333662673423161
Deloitte Digital,digital commerce sale,0.13303802104754786
Deloitte Digital,advertising,0.13303802104754786
Deloitte Digital,marketing digital,0.13303802104754786
Deloitte Digital,digital product development,0.13303802104754786
Deloitte Digital,marketing,0.13303802104754786
Deloitte Digital,digital product,0.13303802104754786
DOTS Digital Agency,digital agency,0.13303802104754786
DOTS Digital Agency,engineering digital marketing,0.13303802104754786
DOTS Digital Agency,graphic,0.13303802104754786
DOTS Digital Agency,dot digital agency,0.13303802104754786
DOTS Digital Agency,dot digital,0.13303802104754786
DOTS Digital Agency,engineering digital,0.13303802104754786
DOTS Digital Agency,engineering,0.13303802104754786
DOTS Digital Agency,dot,0.13303802104754786
DOTS Digital Agency,design engineering digital,0.13303802104754786
DOTS Digital Agency,design engineering,0.13303802104754786
DOTS Digital Agency,design,0.13303802104754786
Deloitte Digital,advertising marketing digital,0.13303802104754786
Deloitte Digital,commerce,0.13303802104754786
Deloitte Digital,advertising marketing,0.13303802104754786
Deloitte Digital,customer,0.13303802104754786
Deloitte Digital,commerce sale,0.13303802104754786
DOTS Digital Agency,agency,0.13303802104754786
Deloitte Digital,development,0.13303802104754786
Deloitte Digital,digital commerce,0.13303802104754786
Deloitte Digital,customer strategy advertising,0.13303802104754786
Deloitte Digital,customer strategy,0.13303802104754786
Deloitte Digital,commerce sale service,0.13303802104754786
DOTS Digital Agency,graphic design engineering,0.13303802104754786
DOTS Digital Agency,graphic design,0.13303802104754786
Deloitte Digital,deloitte digital,0.13303802104754786
Deloitte Digital,deloitte,0.13303802104754786
Instadeep,machine,0.13216372009101796
Instadeep,making,0.13216372009101796
Instadeep,making systems,0.13216372009101796
Instadeep,systems,0.13216372009101796
Instadeep,business,0.13216372009101796
Instadeep,decision making,0.13216372009101796
Instadeep,decision making systems,0.13216372009101796
Instadeep,machine intelligence,0.13216372009101796
Instadeep,machine intelligence business,0.13216372009101796
Instadeep,intelligence,0.13216372009101796
Instadeep,intelligence business,0.13216372009101796
Capgemini,gen,0.12964074471043288
Capgemini,capgemini,0.12964074471043288
Antares,design audit tech,0.12936924547063017
Antares,design audit,0.12936924547063017
Antares,frontends nginx,0.12936924547063017
Antares,frontends,0.12936924547063017
Antares,audit,0.12936924547063017
Antares,frontends nginx proxie,0.12936924547063017
Tanit Web,experience,0.12936924547063017
Tanit Web,distribution,0.12936924547063017
Tanit Web,digital conter distribution,0.12936924547063017
Tanit Web,demand experience,0.12936924547063017
Tanit Web,distribution monetization,0.12936924547063017
Tanit Web,distribution monetization demand,0.12936924547063017
Tanit Web,customized business solution,0.12936924547063017
Tanit Web,customized business,0.12936924547063017
Tanit Web,customized,0.12936924547063017
Tanit Web,demand,0.12936924547063017
Tanit Web,conter distribution monetization,0.12936924547063017
Tanit Web,business solution digital,0.12936924547063017
Tanit Web,digital,0.12936924547063017
Tanit Web,digital conter,0.12936924547063017
Tanit Web,business,0.12936924547063017
Tanit Web,business solution,0.12936924547063017
Antares,audit tech seo,0.12936924547063017
Antares,audit tech,0.12936924547063017
Antares,cloudflare,0.12936924547063017
Antares,css,0.12936924547063017
Antares,css frontends,0.12936924547063017
Antares,css frontends nginx,0.12936924547063017
Antares,blog mods,0.12936924547063017
Antares,blog,0.12936924547063017
Antares,cloud blog,0.12936924547063017
Antares,cloud blog mods,0.12936924547063017
Antares,blog mods service,0.12936924547063017
Antares,cloud,0.12936924547063017
Tanit Web,conter,0.12936924547063017
Tanit Web,conter distribution,0.12936924547063017
,engine,0.12883132528016616
,engine optimization,0.12883132528016616
,engine optimization digital,0.12883132528016616
,digital solution conversion,0.12883132528016616
,enhanced,0.12883132528016616
,exceptional,0.12883132528016616
,exceptional user,0.12883132528016616
,exceptional user experience,0.12883132528016616
,enhanced digital presence,0.12883132528016616
,enhanced digital,0.12883132528016616
,experience,0.12883132528016616
,media,0.12883132528016616
,conversion,0.12883132528016616
,conversion rat,0.12883132528016616
,conversion rat optimization,0.12883132528016616
,digital presence,0.12883132528016616
,digital presence exceptional,0.12883132528016616
,digital solution,0.12883132528016616
Fiverr Business,entreprise services,0.12803687993289598
Fiverr Business,business entreprise,0.12803687993289598
Fiverr Business,créative ligne,0.12803687993289598
Fiverr Business,créative,0.12803687993289598
Fiverr Business,créative ligne offre,0.12803687993289598
Fiverr Business,créatif gestion affaires,0.12803687993289598
Fiverr Business,client améliorer présence,0.12803687993289598
Fiverr Business,entreprise,0.12803687993289598
Fiverr Business,créatif,0.12803687993289598
Fiverr Business,créatif gestion,0.12803687993289598
Fiverr Business,business,0.12803687993289598
Fiverr Business,améliorer présence marché,0.12803687993289598
Fiverr Business,améliorer,0.12803687993289598
Fiverr Business,améliorer présence,0.12803687993289598
Fiverr Business,client améliorer,0.12803687993289598
Fiverr Business,client,0.12803687993289598
Fiverr Business,business entreprise services,0.12803687993289598
Fiverr Business,affaires,0.12803687993289598
Pixyle AI,fashion product attribution,0.12725695259515554
Pixyle AI,store,0.12725695259515554
Pixyle AI,tagging,0.12725695259515554
Pixyle AI,attribution,0.12725695259515554
Pixyle AI,attribution product,0.12725695259515554
Pixyle AI,attribution product description,0.12725695259515554
Pixyle AI,description,0.12725695259515554
Pixyle AI,fashion,0.12725695259515554
Pixyle AI,fashion product,0.12725695259515554
Pixyle AI,product tagging rich,0.12725695259515554
Pixyle AI,product attribution,0.12725695259515554
Pixyle AI,pixyle,0.12725695259515554
Pixyle AI,tagging rich product,0.12725695259515554
Pixyle AI,tagging rich,0.12725695259515554
Pixyle AI,rich product,0.12725695259515554
Pixyle AI,rich,0.12725695259515554
Pixyle AI,product tagging,0.12725695259515554
Pixyle AI,product attribution product,0.12725695259515554
Pixyle AI,product description,0.12725695259515554
Idealump Tunisia,experience,0.12649110640673517
Idealump Tunisia,ideation,0.12649110640673517
Idealump Tunisia,experience design dater,0.12649110640673517
Idealump Tunisia,experience design,0.12649110640673517
Idealump Tunisia,development implementation web,0.12649110640673517
Idealump Tunisia,development implementation,0.12649110640673517
Idealump Tunisia,development digital marketing,0.12649110640673517
Idealump Tunisia,dater analysi,0.12649110640673517
Idealump Tunisia,design dater,0.12649110640673517
Idealump Tunisia,design dater analysi,0.12649110640673517
Idealump Tunisia,design development,0.12649110640673517
Idealump Tunisia,design development implementation,0.12649110640673517
Idealump Tunisia,development digital,0.12649110640673517
Idealump Tunisia,dater,0.12649110640673517
Idealump Tunisia,analysi,0.12649110640673517
Idealump Tunisia,digital marketing user,0.12649110640673517
Idealump Tunisia,digital marketing,0.12649110640673517
iTrend,cloud computing,0.1259881576697424
iTrend,cloud,0.1259881576697424
iTrend,cloud computing big,0.1259881576697424
iTrend,computing,0.1259881576697424
iTrend,diver,0.1259881576697424
iTrend,datum cybersecurity production,0.1259881576697424
iTrend,datum cybersecurity,0.1259881576697424
iTrend,datum,0.1259881576697424
iTrend,cybersecurity production,0.1259881576697424
iTrend,cybersecurity,0.1259881576697424
iTrend,computing big datum,0.1259881576697424
iTrend,computing big,0.1259881576697424
iTrend,big datum cybersecurity,0.1259881576697424
iTrend,big datum,0.1259881576697424
iTrend,big,0.1259881576697424
iTrend,améliorer processus entreprises,0.1259881576697424
iTrend,améliorer processus,0.1259881576697424
iTrend,améliorer,0.1259881576697424
iTrend,diver domaines cloud,0.1259881576697424
iTrend,diver domaines,0.1259881576697424
Numericia,numericia entreprise,0.125
Numericia,numericia,0.125
Numericia,expertise développement qualité,0.125
Numericia,expertise développement,0.125
Numericia,expertise,0.125
Numericia,entreprise spécialisée services,0.125
Numericia,javascript object orient,0.125
Numericia,fort expertise développement,0.125
Numericia,fort expertise,0.125
Numericia,fort,0.125
Numericia,entreprise,0.125
Numericia,développement qualité,0.125
Numericia,développement web offrons,0.125
Numericia,entreprise spécialisée,0.125
Numericia,développement web,0.125
Numericia,javascript programmation orientée,0.125
Numericia,javascript programmation,0.125
Numericia,javascript object,0.125
Brainlabs,marketing gmp dater,0.12475657231036107
Brainlabs,marketing gmp,0.12475657231036107
Brainlabs,media programmatic,0.12475657231036107
Brainlabs,organic social,0.12475657231036107
Brainlabs,organic social influencer,0.12475657231036107
Brainlabs,dater cro,0.12475657231036107
Brainlabs,influencer marketing gmp,0.12475657231036107
Brainlabs,gmp dater,0.12475657231036107
Brainlabs,media,0.12475657231036107
Brainlabs,gmp dater cro,0.12475657231036107
Brainlabs,cro,0.12475657231036107
Brainlabs,gmp,0.12475657231036107
Brainlabs,influencer,0.12475657231036107
Brainlabs,influencer marketing,0.12475657231036107
Brainlabs,organic,0.12475657231036107
Brainlabs,media programmatic paid,0.12475657231036107
Brainlabs,dater,0.12475657231036107
Incept,mobile,0.12451456127293807
Incept,holographic projection intelligence,0.12451456127293807
Incept,intelligence,0.12451456127293807
Incept,projection,0.12451456127293807
Incept,projection intelligence,0.12451456127293807
Incept,augmented reality holographic,0.12451456127293807
Incept,augmented reality mixed,0.12451456127293807
Incept,mobile augmented,0.12451456127293807
Incept,holograms mapping,0.12451456127293807
Incept,holograms,0.12451456127293807
Incept,holographic projection,0.12451456127293807
Incept,mobile augmented reality,0.12451456127293807
Incept,mapping,0.12451456127293807
Incept,intelligence things,0.12451456127293807
Incept,mixed,0.12451456127293807
Incept,mixed reality,0.12451456127293807
Incept,holographic,0.12451456127293807
WPP,client intégrant,0.12309149097933272
WPP,avancées,0.12309149097933272
WPP,complète solutions marques,0.12309149097933272
WPP,client intégrant avancées,0.12309149097933272
WPP,complète solutions,0.12309149097933272
WPP,création,0.12309149097933272
WPP,communication marketing,0.12309149097933272
WPP,approche équipe spécialisée,0.12309149097933272
WPP,approche équipe,0.12309149097933272
WPP,campagnes efficace,0.12309149097933272
WPP,campagnes efficace personnalisées,0.12309149097933272
WPP,avancées technology approche,0.12309149097933272
WPP,client,0.12309149097933272
WPP,avancées technology,0.12309149097933272
WPP,campagnes,0.12309149097933272
WPP,communication marketing offrons,0.12309149097933272
WPP,communication,0.12309149097933272
WPP,approche,0.12309149097933272
WPP,création campagnes,0.12309149097933272
WPP,complète,0.12309149097933272
Mega-DEV,development digital,0.12285902336679023
Mega-DEV,identity graphic,0.12285902336679023
Mega-DEV,development software,0.12285902336679023
Mega-DEV,marketing,0.12285902336679023
Mega-DEV,identity,0.12285902336679023
Mega-DEV,development software solution,0.12285902336679023
Mega-DEV,design solution,0.12285902336679023
Mega-DEV,design web,0.12285902336679023
Mega-DEV,design web development,0.12285902336679023
Mega-DEV,development digital marketing,0.12285902336679023
Mega-DEV,identity graphic design,0.12285902336679023
Mega-DEV,digital marketing mobile,0.12285902336679023
Mega-DEV,digital marketing,0.12285902336679023
Mega-DEV,graphic design web,0.12285902336679023
Mega-DEV,graphic design,0.12285902336679023
Mega-DEV,graphic,0.12285902336679023
Zahou Tech,website design,0.12216944435630522
Zahou Tech,marketing,0.12216944435630522
Zahou Tech,graphic design,0.12216944435630522
Zahou Tech,website design graphic,0.12216944435630522
Zahou Tech,tech,0.12216944435630522
Zahou Tech,mobile,0.12216944435630522
Zahou Tech,marketing seo,0.12216944435630522
Zahou Tech,service,0.12216944435630522
Zahou Tech,seo,0.12216944435630522
Zahou Tech,digital marketing seo,0.12216944435630522
Zahou Tech,digital marketing,0.12216944435630522
Zahou Tech,wordpress,0.12216944435630522
Zahou Tech,design graphic design,0.12216944435630522
Zahou Tech,digital,0.12216944435630522
Zahou Tech,training,0.12216944435630522
Zahou Tech,graphic,0.12216944435630522
Zahou Tech,design graphic,0.12216944435630522
Medianet Group,extranet development,0.1214913478461574
Medianet Group,growth,0.1214913478461574
Medianet Group,hosting,0.1214913478461574
Medianet Group,growth marketing,0.1214913478461574
Medianet Group,development,0.1214913478461574
Medianet Group,community management referencement,0.1214913478461574
Medianet Group,development mobile,0.1214913478461574
Medianet Group,extranet,0.1214913478461574
Medianet Group,development mobile solution,0.1214913478461574
Medianet Group,factory community management,0.1214913478461574
Medianet Group,factory community,0.1214913478461574
Medianet Group,factory,0.1214913478461574
Medianet Group,extranet development mobile,0.1214913478461574
Medianet Group,borne,0.1214913478461574
Medianet Group,community,0.1214913478461574
Medianet Group,audit test,0.1214913478461574
Medianet Group,audit,0.1214913478461574
Medianet Group,audit test factory,0.1214913478461574
Medianet Group,community management,0.1214913478461574
GlobalNet (Gnet),eset home security,0.11724207635210984
GlobalNet (Gnet),fibre optique,0.11724207635210984
GlobalNet (Gnet),home,0.11724207635210984
GlobalNet (Gnet),fibre,0.11724207635210984
GlobalNet (Gnet),essential connexion manager,0.11724207635210984
GlobalNet (Gnet),essential connexion,0.11724207635210984
GlobalNet (Gnet),fibre optique eset,0.11724207635210984
GlobalNet (Gnet),globalnet,0.11724207635210984
GlobalNet (Gnet),gnetbusiness,0.11724207635210984
GlobalNet (Gnet),adsl,0.11724207635210984
GlobalNet (Gnet),essential,0.11724207635210984
GlobalNet (Gnet),adsl vdsl,0.11724207635210984
GlobalNet (Gnet),eset home,0.11724207635210984
GlobalNet (Gnet),eset,0.11724207635210984
GlobalNet (Gnet),adsl vdsl rapido,0.11724207635210984
GlobalNet (Gnet),connexion,0.11724207635210984
GlobalNet (Gnet),connexion manager,0.11724207635210984
GlobalNet (Gnet),connexion manager gnetbusiness,0.11724207635210984
Sortlist,aider,0.11322770341445956
Sortlist,aider atteindre objectifs,0.11322770341445956
Sortlist,atteindre,0.11322770341445956
Sortlist,aider atteindre,0.11322770341445956
Sortlist,avancées,0.11322770341445956
Sortlist,atteindre objectifs croissance,0.11322770341445956
Sortlist,atteindre objectifs,0.11322770341445956
Sortlist,création,0.11322770341445956
Sortlist,création campagnes,0.11322770341445956
Sortlist,croissance commerciale équipe,0.11322770341445956
Sortlist,avancées aider,0.11322770341445956
Sortlist,avancées aider atteindre,0.11322770341445956
Sortlist,commerciale équipe spécialisée,0.11322770341445956
Sortlist,commerciale équipe,0.11322770341445956
Sortlist,commerciale,0.11322770341445956
Sortlist,campagnes efficace gestion,0.11322770341445956
Sortlist,campagnes efficace,0.11322770341445956
Sortlist,campagnes,0.11322770341445956
Sortlist,croissance,0.11322770341445956
Sortlist,croissance commerciale,0.11322770341445956
PeoplePerHour,capabilitie unparalleled customization,0.11180339887498948
PeoplePerHour,agent tailored,0.11180339887498948
PeoplePerHour,agent,0.11180339887498948
PeoplePerHour,capabilitie peopleperhour,0.11180339887498948
PeoplePerHour,building agent tailored,0.11180339887498948
PeoplePerHour,building agent,0.11180339887498948
PeoplePerHour,building,0.11180339887498948
PeoplePerHour,agent tailored solution,0.11180339887498948
PeoplePerHour,capabilitie unparalleled,0.11180339887498948
PeoplePerHour,capabilitie peopleperhour leading,0.11180339887498948
PeoplePerHour,advanced capabilitie peopleperhour,0.11180339887498948
PeoplePerHour,client,0.11180339887498948
PeoplePerHour,advanced capabilitie unparalleled,0.11180339887498948
Clutch,créer,0.1111111111111111
Clutch,créer solutions efficace,0.1111111111111111
Clutch,durable,0.1111111111111111
Clutch,conception utilisons technologies,0.1111111111111111
Clutch,client point,0.1111111111111111
Clutch,agiles permettent,0.1111111111111111
Clutch,avancées créer,0.1111111111111111
Clutch,avancées créer solutions,0.1111111111111111
Clutch,client point fort,0.1111111111111111
Clutch,clutch,0.1111111111111111
Clutch,client,0.1111111111111111
Clutch,durable client,0.1111111111111111
Clutch,agiles,0.1111111111111111
Clutch,conception utilisons,0.1111111111111111
Clutch,agiles permettent livrer,0.1111111111111111
Clutch,conception,0.1111111111111111
Clutch,clutch entreprise spécialisée,0.1111111111111111
Clutch,clutch entreprise,0.1111111111111111
Clutch,avancées,0.1111111111111111
Clutch,créer solutions,0.1111111111111111
Sopra Steria,generation,0.11094003924504582
Sopra Steria,generation intelligence,0.11094003924504582
Sopra Steria,gestion,0.11094003924504582
Sopra Steria,entreprise,0.11094003924504582
Sopra Steria,sommes,0.11094003924504582
PixelCode,design développement hébergement,0.11043152607484653
PixelCode,development host,0.11043152607484653
PixelCode,development host seo,0.11043152607484653
PixelCode,avancées offrons solutions,0.11043152607484653
PixelCode,avancées offrons,0.11043152607484653
PixelCode,development,0.11043152607484653
PixelCode,business,0.11043152607484653
PixelCode,business size,0.11043152607484653
PixelCode,business size industry,0.11043152607484653
PixelCode,dan,0.11043152607484653
PixelCode,dan technology,0.11043152607484653
PixelCode,dan technology avancées,0.11043152607484653
PixelCode,design développement,0.11043152607484653
PixelCode,avancées,0.11043152607484653
PixelCode,design impression development,0.11043152607484653
PixelCode,design impression,0.11043152607484653
PixelCode,développement,0.11043152607484653
PixelCode,besoin,0.11043152607484653
SmartNet,drive,0.10992994198586253
SmartNet,development hosting,0.10992994198586253
SmartNet,development,0.10992994198586253
SmartNet,branding materials,0.10992994198586253
SmartNet,graphics,0.10992994198586253
SmartNet,branding,0.10992994198586253
SmartNet,end video content,0.10992994198586253
SmartNet,end,0.10992994198586253
SmartNet,end video,0.10992994198586253
SmartNet,drive qualified traffic,0.10992994198586253
SmartNet,content creation,0.10992994198586253
SmartNet,drive qualified,0.10992994198586253
SmartNet,creation shooting,0.10992994198586253
SmartNet,creation shooting montage,0.10992994198586253
SmartNet,design,0.10992994198586253
SmartNet,creation,0.10992994198586253
SmartNet,content creation shooting,0.10992994198586253
SmartNet,branding materials graphics,0.10992994198586253
SmartNet,content,0.10992994198586253
Pappers,cutting,0.10976425998969035
Pappers,businesse seeking high,0.10976425998969035
Pappers,businesse seeking,0.10976425998969035
Pappers,edge,0.10976425998969035
Pappers,cutting edge,0.10976425998969035
Pappers,cutting edge technologie,0.10976425998969035
Pappers,deliver,0.10976425998969035
Pappers,deliver exceptional,0.10976425998969035
Pappers,exceptional results expertise,0.10976425998969035
Pappers,expertise,0.10976425998969035
Pappers,deliver exceptional results,0.10976425998969035
Pappers,earned reputation,0.10976425998969035
Pappers,exceptional results,0.10976425998969035
Pappers,edge technologie deliver,0.10976425998969035
Pappers,exceptional,0.10976425998969035
Pappers,earned reputation trusted,0.10976425998969035
Pappers,edge technologie,0.10976425998969035
Pappers,businesse,0.10976425998969035
Pappers,earned,0.10976425998969035
Pixeo,website development,0.10862508931871369
Pixeo,professional,0.10862508931871369
Pixeo,pixeo,0.10862508931871369
Pixeo,web design agency,0.10862508931871369
Pixeo,help create,0.10862508931871369
Pixeo,design agency,0.10862508931871369
Pixeo,agency,0.10862508931871369
Pixeo,create,0.10862508931871369
Pixeo,haver,0.10862508931871369
Pixeo,offer,0.10862508931871369
Pixeo,development,0.10862508931871369
Agoragroup,api,0.10721125348377948
Agoragroup,business intelligence api,0.10721125348377948
Agoragroup,crm logistic,0.10721125348377948
Agoragroup,crm logistic business,0.10721125348377948
Agoragroup,crm,0.10721125348377948
Agoragroup,logistic,0.10721125348377948
Agoragroup,logistic business,0.10721125348377948
Agoragroup,business intelligence,0.10721125348377948
Agoragroup,extension,0.10721125348377948
Agoragroup,business,0.10721125348377948
Agoragroup,management crm,0.10721125348377948
Agoragroup,logistic business intelligence,0.10721125348377948
Agoragroup,intelligence api,0.10721125348377948
Agoragroup,intelligence,0.10721125348377948
Same Team,development design brand,0.10675210253672476
Same Team,app,0.10675210253672476
Same Team,community management,0.10675210253672476
Same Team,consulting community management,0.10675210253672476
Same Team,community,0.10675210253672476
Same Team,consulting,0.10675210253672476
Same Team,community management seo,0.10675210253672476
Same Team,consulting community,0.10675210253672476
Same Team,design brand,0.10675210253672476
Same Team,design intranet extranet,0.10675210253672476
Same Team,design intranet,0.10675210253672476
Same Team,brand design intranet,0.10675210253672476
Same Team,brand design,0.10675210253672476
Same Team,brand,0.10675210253672476
Same Team,app development strategy,0.10675210253672476
Same Team,app development,0.10675210253672476
Same Team,development design,0.10675210253672476
Same Team,design brand design,0.10675210253672476
Agence eDirect,dan,0.10660035817780521
Agence eDirect,bienvenue edirect,0.10660035817780521
Agence eDirect,bienvenue,0.10660035817780521
Agence eDirect,dan technologies,0.10660035817780521
Agence eDirect,development host,0.10660035817780521
Agence eDirect,dan technologies modernes,0.10660035817780521
Agence eDirect,bienvenue edirect entreprise,0.10660035817780521
Agence eDirect,aider,0.10660035817780521
Agence eDirect,development mobile,0.10660035817780521
Agence eDirect,development host bienvenue,0.10660035817780521
Agence eDirect,besoins ligne somme,0.10660035817780521
Agence eDirect,besoins ligne,0.10660035817780521
Agence eDirect,besoins,0.10660035817780521
Agence eDirect,application development host,0.10660035817780521
Agence eDirect,application development,0.10660035817780521
Agence eDirect,application,0.10660035817780521
Agence eDirect,aider réussir projet,0.10660035817780521
Agence eDirect,aider réussir,0.10660035817780521
Hello Web Tunisie,entreprise réussir monde,0.105999788000636
Hello Web Tunisie,entreprise spécialisée,0.105999788000636
Hello Web Tunisie,affaires,0.105999788000636
Hello Web Tunisie,aidé,0.105999788000636
Hello Web Tunisie,bonjour,0.105999788000636
Hello Web Tunisie,bonjour presente,0.105999788000636
Hello Web Tunisie,besoins,0.105999788000636
Hello Web Tunisie,aidé entreprise réussir,0.105999788000636
Hello Web Tunisie,besoins matière,0.105999788000636
Hello Web Tunisie,besoins matière entreprise,0.105999788000636
Hello Web Tunisie,entreprise réussir,0.105999788000636
Hello Web Tunisie,aidé entreprise,0.105999788000636
Hello Web Tunisie,connue solution,0.105999788000636
Hello Web Tunisie,connue solution robuste,0.105999788000636
Hello Web Tunisie,connue,0.105999788000636
Hello Web Tunisie,bonjour presente hello,0.105999788000636
Hello Web Tunisie,entreprise connue solution,0.105999788000636
Hello Web Tunisie,entreprise connue,0.105999788000636
Industry X.0,client expectation,0.10482848367219183
Industry X.0,cutting edge technologie,0.10482848367219183
Industry X.0,cipa team,0.10482848367219183
Industry X.0,best experience,0.10482848367219183
Industry X.0,customer,0.10482848367219183
Industry X.0,client expectation focus,0.10482848367219183
Industry X.0,committed,0.10482848367219183
Industry X.0,cutting,0.10482848367219183
Industry X.0,customer satisfaction committed,0.10482848367219183
Industry X.0,customer satisfaction,0.10482848367219183
Industry X.0,cutting edge,0.10482848367219183
Industry X.0,best,0.10482848367219183
Industry X.0,committed providing best,0.10482848367219183
Industry X.0,committed providing,0.10482848367219183
Industry X.0,cipa welcome industry,0.10482848367219183
Industry X.0,client,0.10482848367219183
Industry X.0,cipa team expert,0.10482848367219183
Industry X.0,cipa welcome,0.10482848367219183
Elokencia,cutting edge,0.10425720702853739
Elokencia,cutting,0.10425720702853739
Elokencia,customer satisfaction committed,0.10425720702853739
Elokencia,customer satisfaction,0.10425720702853739
Elokencia,deliver,0.10425720702853739
Elokencia,achieve,0.10425720702853739
Elokencia,cutting edge technologie,0.10425720702853739
Elokencia,achieve goal grow,0.10425720702853739
Elokencia,committed,0.10425720702853739
Elokencia,businesse,0.10425720702853739
Elokencia,businesse achieve,0.10425720702853739
Elokencia,achieve goal,0.10425720702853739
Elokencia,businesse achieve goal,0.10425720702853739
Elokencia,client,0.10425720702853739
Elokencia,client focus excellenc,0.10425720702853739
Elokencia,client focus,0.10425720702853739
Elokencia,committed helping businesse,0.10425720702853739
Elokencia,committed helping,0.10425720702853739
Elokencia,customer,0.10425720702853739
OwlCom,client customer,0.10369516947304253
OwlCom,create,0.10369516947304253
OwlCom,company specializes providing,0.10369516947304253
OwlCom,company specializes,0.10369516947304253
OwlCom,company,0.10369516947304253
OwlCom,canvas owlcom,0.10369516947304253
OwlCom,canvas create dynamic,0.10369516947304253
OwlCom,cutting,0.10369516947304253
OwlCom,customer,0.10369516947304253
OwlCom,create dynamic interactif,0.10369516947304253
OwlCom,create dynamic,0.10369516947304253
OwlCom,canvas create,0.10369516947304253
OwlCom,delight,0.10369516947304253
OwlCom,cutting edge tech,0.10369516947304253
OwlCom,cutting edge,0.10369516947304253
OwlCom,client,0.10369516947304253
OwlCom,canvas owlcom cutting,0.10369516947304253
RISE Technologie,ahead competition,0.10153461651336192
RISE Technologie,ahead competition focus,0.10153461651336192
RISE Technologie,businesse,0.10153461651336192
RISE Technologie,businesse team,0.10153461651336192
RISE Technologie,businesse team specialize,0.10153461651336192
RISE Technologie,client,0.10153461651336192
RISE Technologie,companie,0.10153461651336192
RISE Technologie,companie streamline,0.10153461651336192
RISE Technologie,companie streamline operations,0.10153461651336192
RISE Technologie,competition,0.10153461651336192
RISE Technologie,competition focus,0.10153461651336192
RISE Technologie,competition focus innovation,0.10153461651336192
RISE Technologie,customized,0.10153461651336192
RISE Technologie,customized solution,0.10153461651336192
RISE Technologie,customized solution meet,0.10153461651336192
RISE Technologie,cutting,0.10153461651336192
RISE Technologie,cutting edge,0.10153461651336192
RISE Technologie,ahead,0.10153461651336192
FabSkill,choice,0.10050378152592121
FabSkill,businesse,0.10050378152592121
FabSkill,businesse seeking,0.10050378152592121
FabSkill,businesse seeking efficient,0.10050378152592121
FabSkill,analysi cutting,0.10050378152592121
FabSkill,analysi cutting edge,0.10050378152592121
FabSkill,analysi introducing,0.10050378152592121
SKWERE,agence,0.10050378152592121
FabSkill,analysi introducing fabskill,0.10050378152592121
SKWERE,avancées aider atteindre,0.10050378152592121
SKWERE,avancées aider,0.10050378152592121
SKWERE,aider,0.10050378152592121
SKWERE,agence création,0.10050378152592121
SKWERE,aider atteindre,0.10050378152592121
SKWERE,design graphic,0.10050378152592121
SKWERE,création numérique spécialisée,0.10050378152592121
SKWERE,agence création numérique,0.10050378152592121
SKWERE,atteindre,0.10050378152592121
SKWERE,atteindre objectifs,0.10050378152592121
SKWERE,création,0.10050378152592121
SKWERE,avancées,0.10050378152592121
SKWERE,atteindre objectifs visibilité,0.10050378152592121
SKWERE,création numérique,0.10050378152592121
SKWERE,aider atteindre objectifs,0.10050378152592121
Product Hunt,active ressource abondante,0.09901475429766744
Product Hunt,application,0.09901475429766744
Product Hunt,abondante,0.09901475429766744
Product Hunt,connue,0.09901475429766744
Product Hunt,connue point,0.09901475429766744
Product Hunt,communauté active,0.09901475429766744
Product Hunt,base,0.09901475429766744
Product Hunt,communauté,0.09901475429766744
Product Hunt,base communauté active,0.09901475429766744
Product Hunt,application mobile faciliter,0.09901475429766744
Product Hunt,application mobile,0.09901475429766744
Product Hunt,base communauté,0.09901475429766744
Product Hunt,communauté active ressource,0.09901475429766744
Product Hunt,active,0.09901475429766744
Product Hunt,abondante matière,0.09901475429766744
Product Hunt,active ressource,0.09901475429766744
Product Hunt,connue point fort,0.09901475429766744
Brandwatch,academy certification,0.098652724733398
Brandwatch,academy,0.098652724733398
Brandwatch,academy certification upskilling,0.098652724733398
Brandwatch,brandwatch academy,0.098652724733398
Brandwatch,consumer intelligence,0.098652724733398
Brandwatch,event,0.098652724733398
Brandwatch,event webinars,0.098652724733398
Brandwatch,brandwatch academy certification,0.098652724733398
Brandwatch,brandwatch bulletin,0.098652724733398
Brandwatch,bulletin,0.098652724733398
Brandwatch,certification,0.098652724733398
Brandwatch,certification upskilling,0.098652724733398
Brandwatch,glossary brandwatch,0.098652724733398
Brandwatch,glossary,0.098652724733398
Abshore,abshore nouvelle,0.09759000729485333
Abshore,abshore,0.09759000729485333
Abshore,aideront,0.09759000729485333
Abshore,abshore nouvelle entreprise,0.09759000729485333
Abshore,aideront faire,0.09759000729485333
Abshore,aideront faire choix,0.09759000729485333
Abshore,cohérent,0.09759000729485333
Abshore,besoin,0.09759000729485333
Abshore,bibliothèque qualité utilisons,0.09759000729485333
Abshore,bibliothèque qualité,0.09759000729485333
Abshore,choix icônes,0.09759000729485333
Abshore,choix,0.09759000729485333
Abshore,bibliothèque,0.09759000729485333
Abshore,cohérent faciles,0.09759000729485333
Abshore,awesome css abshore,0.09759000729485333
Abshore,awesome css créer,0.09759000729485333
Abshore,choix icônes conviennent,0.09759000729485333
MBB INFO,design development,0.09701425001453319
MBB INFO,development management,0.09701425001453319
MBB INFO,development mobile,0.09701425001453319
MBB INFO,based solution graphic,0.09701425001453319
MBB INFO,design development management,0.09701425001453319
MBB INFO,development mobile development,0.09701425001453319
MBB INFO,development seo,0.09701425001453319
MBB INFO,agency,0.09701425001453319
MBB INFO,cloud,0.09701425001453319
MBB INFO,app,0.09701425001453319
MBB INFO,creation,0.09701425001453319
MBB INFO,based solution,0.09701425001453319
MBB INFO,based,0.09701425001453319
MBB INFO,cloud based,0.09701425001453319
MBB INFO,cloud based solution,0.09701425001453319
MBB INFO,app development,0.09701425001453319
Cyber-Duck,center design technical,0.09578262852211514
Cyber-Duck,conception stratégies digitale,0.09578262852211514
Cyber-Duck,cyber,0.09578262852211514
Digit-U,besoin développement,0.09578262852211514
Digit-U,complète besoin,0.09578262852211514
Cyber-Duck,aider,0.09578262852211514
Digit-U,app mobile app,0.09578262852211514
Digit-U,app marketing design,0.09578262852211514
Digit-U,app mobile,0.09578262852211514
Digit-U,app marketing,0.09578262852211514
Digit-U,besoin,0.09578262852211514
Cyber-Duck,conception,0.09578262852211514
Cyber-Duck,conception stratégies,0.09578262852211514
Cyber-Duck,atteindre objectifs,0.09578262852211514
Cyber-Duck,aider atteindre,0.09578262852211514
Cyber-Duck,centré offrons,0.09578262852211514
Cyber-Duck,centré offrons services,0.09578262852211514
Cyber-Duck,cyber duck,0.09578262852211514
Cyber-Duck,centré,0.09578262852211514
Cyber-Duck,aider atteindre objectifs,0.09578262852211514
Cyber-Duck,atteindre,0.09578262852211514
Cyber-Duck,center,0.09578262852211514
Cyber-Duck,center design,0.09578262852211514
Cyber-Duck,atteindre objectifs numériques,0.09578262852211514
Digit-U,besoin développement web,0.09578262852211514
Cyber-Duck,cyber duck entreprise,0.09578262852211514
Digit-U,avancées garantir,0.09578262852211514
Digit-U,complète,0.09578262852211514
Digit-U,avancées garantir produit,0.09578262852211514
Digit-U,avancées,0.09578262852211514
The Road,consulting strategy branding,0.09459675396808043
The Road,consulting,0.09459675396808043
The Road,branding positioning,0.09459675396808043
The Road,branding,0.09459675396808043
The Road,branding positioning identity,0.09459675396808043
The Road,design graphic design,0.09459675396808043
The Road,consulting strategy,0.09459675396808043
The Road,design graphic,0.09459675396808043
Meltwater,accéder suite services,0.09407208683835973
Xtensus,achieve goal,0.09407208683835973
Meltwater,accéder suite,0.09407208683835973
Xtensus,achieve,0.09407208683835973
Xtensus,businesses achieve goal,0.09407208683835973
Meltwater,aider,0.09407208683835973
Xtensus,consulting xtensu leading,0.09407208683835973
Xtensus,achieve goal grow,0.09407208683835973
Xtensus,businesses,0.09407208683835973
Xtensus,consulting service team,0.09407208683835973
Xtensus,consulting xtensu,0.09407208683835973
Meltwater,accéder,0.09407208683835973
Meltwater,accès suite services,0.09407208683835973
Meltwater,accès,0.09407208683835973
Xtensus,businesses achieve,0.09407208683835973
Xtensus,business environment,0.09407208683835973
Meltwater,accès suite,0.09407208683835973
Xtensus,consulting service,0.09407208683835973
Xtensus,cutting,0.09407208683835973
Xtensus,business,0.09407208683835973
Agence de promotion de l’industrie et de l’innovation (APII),agence réputée,0.09325048082403138
Agence de promotion de l’industrie et de l’innovation (APII),agence réputée point,0.09325048082403138
Agence de promotion de l’industrie et de l’innovation (APII),assistance information registration,0.09325048082403138
Agence de promotion de l’industrie et de l’innovation (APII),aider atteindre,0.09325048082403138
Agence de promotion de l’industrie et de l’innovation (APII),apii spécialisée,0.09325048082403138
Agence de promotion de l’industrie et de l’innovation (APII),apii spécialisée services,0.09325048082403138
Agence de promotion de l’industrie et de l’innovation (APII),aider atteindre objectifs,0.09325048082403138
Agence de promotion de l’industrie et de l’innovation (APII),apii,0.09325048082403138
Agence de promotion de l’industrie et de l’innovation (APII),aider,0.09325048082403138
Agence de promotion de l’industrie et de l’innovation (APII),assistance information,0.09325048082403138
Agence de promotion de l’industrie et de l’innovation (APII),approche clientèle,0.09325048082403138
Agence de promotion de l’industrie et de l’innovation (APII),approche clientèle personnalisée,0.09325048082403138
Agence de promotion de l’industrie et de l’innovation (APII),assistance,0.09325048082403138
Agence de promotion de l’industrie et de l’innovation (APII),approche,0.09325048082403138
Agence de promotion de l’industrie et de l’innovation (APII),agence,0.09325048082403138
Aurone,accessible,0.09284766908852593
Aurone,aurone facilement accessible,0.09284766908852593
Web Media Tunisie,courant,0.09284766908852593
Web Media Tunisie,connue point fort,0.09284766908852593
Web Media Tunisie,courant dernière,0.09284766908852593
Web Media Tunisie,application mobile,0.09284766908852593
Aurone,connexion,0.09284766908852593
Aurone,aurone entreprise offre,0.09284766908852593
Aurone,accessible site web,0.09284766908852593
Web Media Tunisie,application web,0.09284766908852593
Web Media Tunisie,comprenant expertise seo,0.09284766908852593
Aurone,assure,0.09284766908852593
Web Media Tunisie,comprenant,0.09284766908852593
Web Media Tunisie,comprenant expertise,0.09284766908852593
Tunismart,avancées assurent,0.09284766908852593
Tunismart,avancées assurent efficacité,0.09284766908852593
Web Media Tunisie,application web medium,0.09284766908852593
Web Media Tunisie,clientèle,0.09284766908852593
Tunismart,améliorer présence ligne,0.09284766908852593
Tunismart,améliorer,0.09284766908852593
Tunismart,améliorer présence,0.09284766908852593
Tunismart,contenu,0.09284766908852593
Tunismart,assurent efficacité,0.09284766908852593
Tunismart,assurent efficacité optimale,0.09284766908852593
Web Media Tunisie,connue,0.09284766908852593
Aurone,accessible site,0.09284766908852593
Web Media Tunisie,connue point,0.09284766908852593
Web Media Tunisie,application mobile entreprise,0.09284766908852593
Aurone,connexion utilisateurs,0.09284766908852593
Aurone,aurone facilement,0.09284766908852593
Aurone,assure sécurité supérieure,0.09284766908852593
Aurone,assure sécurité,0.09284766908852593
Tunismart,content market social,0.09284766908852593
Tunismart,content market,0.09284766908852593
Tunismart,avancées,0.09284766908852593
Tunismart,content,0.09284766908852593
Web Media Tunisie,clientèle engagement,0.09284766908852593
Web Media Tunisie,clientèle engagement rester,0.09284766908852593
Aurone,aurone entreprise,0.09284766908852593
Tunismart,assurent,0.09284766908852593
Telnet,big,0.09254896267654951
Telnet,big dater,0.09254896267654951
Telnet,application,0.09254896267654951
Telnet,development network,0.09254896267654951
Telnet,cloud,0.09254896267654951
Telnet,application cloud,0.09254896267654951
Telnet,application cloud computing,0.09254896267654951
Telnet,cloud computing,0.09254896267654951
Telnet,development,0.09254896267654951
Telnet,design electronics iot,0.09254896267654951
Telnet,design,0.09254896267654951
Telnet,design electronics,0.09254896267654951
Telnet,dater,0.09254896267654951
Telnet,computing,0.09254896267654951
STEPS,architecture,0.08891084489487741
STEPS,architecture dater,0.08891084489487741
STEPS,analytics,0.08891084489487741
STEPS,analytics machine learning,0.08891084489487741
STEPS,analytics machine,0.08891084489487741
STEPS,api integration,0.08891084489487741
STEPS,approach assured,0.08891084489487741
STEPS,api,0.08891084489487741
STEPS,approach,0.08891084489487741
STEPS,assured,0.08891084489487741
STEPS,architecture dater science,0.08891084489487741
STEPS,approach assured data,0.08891084489487741
Freelancer,bonjour présente,0.08770580193070293
Freelancer,bonjour présente freelancer,0.08770580193070293
Freelancer,entreprises recherche,0.08770580193070293
Freelancer,entreprises recherche talent,0.08770580193070293
Freelancer,efficace entreprises,0.08770580193070293
Freelancer,efficace entreprises recherche,0.08770580193070293
Freelancer,entreprise,0.08770580193070293
Freelancer,entreprise spécialisée,0.08770580193070293
Freelancer,entreprises,0.08770580193070293
Freelancer,bonjour,0.08770580193070293
Freelancer,entreprise spécialisée services,0.08770580193070293
Freelancer,efficace,0.08770580193070293
UTEEK,display,0.0873704056661038
UTEEK,development seo sea,0.0873704056661038
UTEEK,améliorer,0.0873704056661038
UTEEK,advertising mobile marketing,0.0873704056661038
UTEEK,développement,0.0873704056661038
UTEEK,display advertising mobile,0.0873704056661038
UTEEK,dernière technology offrir,0.0873704056661038
UTEEK,dernière technology,0.0873704056661038
UTEEK,améliorer présence,0.0873704056661038
UTEEK,améliorer présence réseaux,0.0873704056661038
UTEEK,advertising mobile,0.0873704056661038
UTEEK,advertising,0.0873704056661038
UTEEK,development seo,0.0873704056661038
UTEEK,development,0.0873704056661038
UTEEK,dernière,0.0873704056661038
UTEEK,display advertising,0.0873704056661038
GoodFirms,developers specializes,0.08638684255813601
GoodFirms,developers specializes delivering,0.08638684255813601
GoodFirms,delivering high quality,0.08638684255813601
GoodFirms,developers,0.08638684255813601
GoodFirms,business needs,0.08638684255813601
GoodFirms,business needs ensuring,0.08638684255813601
GoodFirms,cookie introducing,0.08638684255813601
GoodFirms,cookie introducing goodfirms,0.08638684255813601
GoodFirms,business,0.08638684255813601
GoodFirms,delivering high,0.08638684255813601
GoodFirms,delivering,0.08638684255813601
GoodFirms,customer satisfaction goodfirms,0.08638684255813601
GoodFirms,cookie team,0.08638684255813601
GoodFirms,cookie team experienced,0.08638684255813601
GoodFirms,customer,0.08638684255813601
GoodFirms,customer satisfaction,0.08638684255813601
WebPlus,courriels moteurs,0.08481889296799709
WebPlus,avancées,0.08481889296799709
WebPlus,atteindre objectifs,0.08481889296799709
WebPlus,aider atteindre objectifs,0.08481889296799709
WebPlus,aider,0.08481889296799709
WebPlus,atteindre,0.08481889296799709
WebPlus,aider atteindre,0.08481889296799709
WebPlus,email,0.08481889296799709
WebPlus,design web gestion,0.08481889296799709
WebPlus,courriels moteurs recherche,0.08481889296799709
WebPlus,design social,0.08481889296799709
WebPlus,design social medium,0.08481889296799709
WebPlus,design web,0.08481889296799709
WebPlus,avancées aider,0.08481889296799709
WebPlus,avancées aider atteindre,0.08481889296799709
WebPlus,courriels,0.08481889296799709
WebPlus,atteindre objectifs marketing,0.08481889296799709
Touchlink,agency,0.08333333333333333
Novatis,community management,0.08247860988423225
Novatis,communautés,0.08247860988423225
Novatis,commerce creation,0.08247860988423225
Novatis,community,0.08247860988423225
Novatis,commerce creation dynamic,0.08247860988423225
Novatis,communautés somme expert,0.08247860988423225
Novatis,communautés somme,0.08247860988423225
Novatis,commerce développement dynamique,0.08247860988423225
Novatis,community management seo,0.08247860988423225
Novatis,commerce développement,0.08247860988423225
Wevioo,accelerating adoption,0.08164965809277261
Wedia,asset management,0.08164965809277261
Wevioo,accelerating,0.08164965809277261
Wedia,assessment wedia english,0.08164965809277261
Wedia,assessment service,0.08164965809277261
Wedia,asset management solution,0.08164965809277261
Wedia,assessment wedia,0.08164965809277261
Wedia,assessment service powerful,0.08164965809277261
Solixy,approche personnalisée,0.08137884587711594
Solixy,bonjour rédacteur professionnel,0.08137884587711594
Solixy,bonjour rédacteur,0.08137884587711594
Solixy,approche personnalisée client,0.08137884587711594
Solixy,bonjour,0.08137884587711594
Solixy,assiste,0.08137884587711594
Solixy,assiste créer,0.08137884587711594
Solixy,approche,0.08137884587711594
Solixy,améliorer,0.08137884587711594
Solixy,améliorer service,0.08137884587711594
Solixy,améliorer service offrir,0.08137884587711594
Solixy,assiste créer introduction,0.08137884587711594
Solixy,client points,0.08137884587711594
I4NET,assurer,0.08058229640253803
I4NET,avancées offrir service,0.08058229640253803
I4NET,client,0.08058229640253803
I4NET,application development site,0.08058229640253803
I4NET,avancées,0.08058229640253803
I4NET,assurer qualité performance,0.08058229640253803
I4NET,application création sites,0.08058229640253803
I4NET,application development,0.08058229640253803
I4NET,avancées offrir,0.08058229640253803
I4NET,application création,0.08058229640253803
I4NET,assurer qualité,0.08058229640253803
Axon,biometric,0.07808688094430304
Axon,axon provide,0.07808688094430304
Axon,axon leading provider,0.07808688094430304
Axon,axon leading,0.07808688094430304
Axon,customer,0.07808688094430304
Axon,customer satisfaction,0.07808688094430304
Axon,axon provide notch,0.07808688094430304
Axon,biometric technology industry,0.07808688094430304
Axon,biometric technology,0.07808688094430304
Triweb,besoins entreprise,0.07669649888473704
Triweb,aider,0.07669649888473704
Triweb,business client,0.07669649888473704
Triweb,business client worldwide,0.07669649888473704
Triweb,besoins entreprise somme,0.07669649888473704
Triweb,besoins,0.07669649888473704
Triweb,client,0.07669649888473704
Triweb,business,0.07669649888473704
Triweb,aider créer,0.07669649888473704
Triweb,aider créer site,0.07669649888473704
Triweb,client worldwide,0.07669649888473704
Agence Web Sigma,agency mettre informatic,0.07516460280028289
Wattnow,administratif service wattnow,0.07516460280028289
Wattnow,agrifood,0.07516460280028289
Wattnow,administratif service,0.07516460280028289
Wattnow,apart competition enabling,0.07516460280028289
Wattnow,apart competition,0.07516460280028289
Wattnow,administratif,0.07516460280028289
Agence Web Sigma,achieve goal,0.07516460280028289
Agence Web Sigma,agence web,0.07516460280028289
Agence Web Sigma,agence,0.07516460280028289
Agence Web Sigma,achieve,0.07516460280028289
Wattnow,apart,0.07516460280028289
Wattnow,agrifood textile oil,0.07516460280028289
Wattnow,agrifood textile,0.07516460280028289
Wattnow,building retail,0.07516460280028289
Wattnow,building healthcare,0.07516460280028289
Wattnow,building healthcare hotel,0.07516460280028289
Agence Web Sigma,agency mettre,0.07516460280028289
Agence Web Sigma,agency,0.07516460280028289
Agence Web Sigma,agence web sigma,0.07516460280028289
New Technologies,application specialize leveraging,0.07018624063435965
New Technologies,application specialize,0.07018624063435965
New Technologies,ahead curve,0.07018624063435965
New Technologies,ahead,0.07018624063435965
New Technologies,application mobile,0.07018624063435965
New Technologies,application mobile performant,0.07018624063435965
New Technologies,appealing,0.07018624063435965
New Technologies,appealing interface,0.07018624063435965
New Technologies,areas,0.07018624063435965
New Technologies,appealing interface robust,0.07018624063435965
Agora Digital,avancées fournir service,0.06835859270246633
Agora Digital,agora digital entreprise,0.06835859270246633
Agora Digital,avancées fournir,0.06835859270246633
Agora Digital,campagnes publicitaire efficace,0.06835859270246633
Agora Digital,agora digital utilise,0.06835859270246633
Agora Digital,avancées,0.06835859270246633
ITGate Group,ability adapt changing,0.06757373783994859
ITGate Group,ability,0.06757373783994859
ITGate Group,ability adapt,0.06757373783994859
ITGate Group,achieve,0.06757373783994859
DOTS Digital Agency,achieve goal,0.06651901052377393
DOTS Digital Agency,agency leading,0.06651901052377393
DOTS Digital Agency,achieve,0.06651901052377393
Instadeep,behavior allows,0.06608186004550898
Instadeep,behavior,0.06608186004550898
Instadeep,action summit pari,0.06608186004550898
Instadeep,action,0.06608186004550898
Instadeep,allows researchers predict,0.06608186004550898
Instadeep,action summit,0.06608186004550898
Instadeep,allows researchers,0.06608186004550898
Instadeep,allows,0.06608186004550898
Capgemini,aide client transformer,0.06482037235521644
Capgemini,accelerate sustainability automobile,0.06482037235521644
Capgemini,accelerate sustainability,0.06482037235521644
Capgemini,aide client,0.06482037235521644
Capgemini,aide,0.06482037235521644
Capgemini,accelerate,0.06482037235521644
Capgemini,aviation industry low,0.06482037235521644
Capgemini,aviation industry,0.06482037235521644
Capgemini,aviation,0.06482037235521644
Capgemini,avancées,0.06482037235521644
Capgemini,automobile compact electric,0.06482037235521644
Capgemini,automobile compact,0.06482037235521644
Capgemini,artificielle générative,0.06482037235521644
Capgemini,artificielle,0.06482037235521644
Capgemini,automobile,0.06482037235521644
Capgemini,artificielle générative capgemini,0.06482037235521644
Sopra Steria,artificial,0.05547001962252291
Sopra Steria,artificial intelligence,0.05547001962252291
Sopra Steria,avancées generation,0.05547001962252291
Sopra Steria,aerospace,0.05547001962252291
Sopra Steria,artificial intelligence cybersecurity,0.05547001962252291
Sopra Steria,avancées,0.05547001962252291
Sopra Steria,business,0.05547001962252291
Sopra Steria,avancées generation intelligence,0.05547001962252291
Sopra Steria,aerospace defense,0.05547001962252291
Sopra Steria,business process,0.05547001962252291
Sopra Steria,aerospace defense energy,0.05547001962252291
Pixeo,additionally offer ranger,0.054312544659356844
Pixeo,additionally,0.054312544659356844
Pixeo,additionally offer,0.054312544659356844
